Nom,Région,Taille,Poids,Robe
Affenpinscher,Allemagne,25 à 30 cm (au garrot),6 à 8 kg (mâle et femelle),"Noire, feu, argent, gris, rouge, belge."
Lévrier afghan,Afghanistan,"M 68-74 cm, F 63-69 cm",,Toutes les couleurs sont admises
Aïdi,Afrique du Nord,Entre 52 et 75 cm,25 à 65 kg (mais non précisé dans le standard),"Fauve, marron ou noire"
Airedale Terrier,Angleterre,56 à 61 cm,27 à 32 kg (mais non précisé dans le standard),"noir et feu, ou grisonné et feu"
Akita Inu,Japon,"59-61cm (F), 64-71cm (M) avec une tolérance de 3 cm de plus ou de moins",,"Urajiro rouge et blanc, sésame, bringée ou blanche"
Alapaha Blue Blood Bulldog,États-Unis,50 à 75 cm au garrot.,34 à 52 kg .,"blanche, fauve tachetée, bleu et noir."
Alaskan Husky,Alaska ( États-Unis ) / Yukon ( Canada ),"55 à 76 cm (mâle), 53 à 70 cm (femelle)","18-40 kg (mâle), 16-35 kg (femelle)",Tous les types de robe sont acceptés
Alaskan Klee Kai,États-Unis,,,
malamute de l’Alaska,Alaska,"Taille recherchée pour le travail : 58,5 cm (F), 63,5 cm (M)","Poids recherché pour le travail : 34 kg (F), 38 kg (M)","Bicolore, variant habituellement du gris clair au noir."
Basset des Alpes,Autriche,34 à 42 cm .,,Fauve unicolore ou noire et feu.
American Alsatian,,,,
ancien berger allemand,Germany,,,
Akita américain,Japon puis États-Unis,61 à 71 cm : chien de très grande taille .,,"Toutes couleurs admises, avec ou sans panachures."
Bouledogue américain,États-Unis,,,
American Bully,États-Unis,Mâle : 43 à 58 cm. Femelle : 40 à 54 cm [ 1 ],de 22 à +52 kg pour les XL [ 1 ],Le poil est ras et toutes les couleurs sont admises sauf le merle .
Cocker américain,États-Unis,34 à 39 cm,,Unicolore ou pluricolore
American Eskimo,Allemagne,L'esquimau américain admet trois tailles.,,Blanc ou blanc et biscuit.
foxhound américain,États-Unis,"56 à 63,5 cm (M), 53 à 61 cm (F).",,Toutes les couleurs sont admises.
American Hairless Terrier,États-Unis,18 à 45 cm,"4,5 à 14 kg","Variété de couleurs, avec ou sans taches blanches"
American Pit Bull Terrier,États-Unis,45 à 50 cm (mâle) 40 à 50 cm (femelle),16 à 27 kg (mâle) 12 à 22 kg (femelle),"n'importe quelle couleur, n'importe quel motifs, ou n'importe quelle combinaison de couleurs est acceptable, sauf le merle et l'albinisme."
american staffordshire terrier,,Mâle : 45 à 48 cm. Femelle : 43 à 45 cm.,Mâle : 25 kg à 31 kg. Femelle : 18 kg à 25 kg,"Le poil est ras, et toutes les couleurs admises, mais les robes noir et feu et foie et marron ne doivent pas être encouragées outre mesure. Le blanc et le clair ne doivent pas dépasser 80 % par rapport aux autres couleurs."
American Fox Terrier,America,,,
Chien d'eau américain,États-Unis,38–46 cm.,"15,5 kg à 22,5 (M) ; 13,5 kg à 20 kg (F).","brun-rouge, marron ou chocolat"
Anatolian Greyhound,,,,
Anglo-Français de petite vénerie,France,48 à 56 cm,40-42,"Tricolore, blanc et noir ou blanc et orange."
Kintamani,Indonésie,,,
Bouvier de l’Appenzell,Suisse,50 à 56 cm,,"Fond noir ou havane, marques symétriques de couleur feu ou blanche"
Ariégeois,France,"52 à 58 cm (M), 50 à 56 cm (F).",,"Blanche à taches noires ; parfois mouchetée, présence de feu sur la tête."
Bouvier australien,Australie,"46 à 51 cm (M), 43 à 48 cm (F).",,Bleu moucheté ou truité de rouge.
Australian Kelpie,Australie,"mâles de 46 à 51cm, femelles de 43 à 48cm.",,"noir, chocolat, rouge, fawn, bleu, noir & feu, rouge & feu"
Berger australien,États-Unis,"mâle : 51 à 58 cm, femelle : 48 à 54 cm",Pour mâle : 22 à 32 kg et pour femelle : 21 à 28 kg,noire unicolore- rouge unicolore-Bleu-merle unicolore-rouge merle unicolore-noir et blanc bicolore-rouge et blanc bicolore-bleu merle et blanc bicolore-rouge merle et blanc bicolore-noir et feu bicolore-rouge et feu bicolore-bleu merle et feu bicolore-rouge merle et feu bicolore-noir tricolore-rouge tricolore-bleu merle tricolore-rouge merle tricolores.
Terrier australien à poil soyeux,Australie,,,
Bouvier australien courte queue,Australie,"46 à 51 cm (M), 43 à 48 cm (F).",,Bleue ou truitée de rouge.
Terrier australien,,Environ 25 cm.,,"Variantes de bleu et marques de feu, ou sable clair, rouge"
Azawakh,Sahel,"M 64-74 cm, F 60-70 cm grand, élancé et longiligne","M 20-25 kg, F 15-20 kg","Toutes nuances de fauve, balzane aux membres, plastron blanc, pinceau blanc en bout de queue."
Bangkaew de Thaïlande,Thaïlande,"46 à 55 cm (M), 41 à 50 cm (F)",,Bicolore.
Barbet,France,de 52 à 66 cm,,"Unicolore, différentes couleurs acceptées."
Chien de Majorado,Canary Islands (Spain),,,
Barzoï,Russie,"STANDARD en vigueur : Hauteur au garrot recherchée - 75 à 85 cm pour les mâles, 68 à 78 cm pour les femelles. Chez les mâles, la hauteur au garrot est égale ou à peine supérieure à celle du sommet de la croupe au sol. Chez les femelles ces hauteurs sont égales. Les sujets dépassant la taille maximale sont admis à condition que la morphologie typique soit sauvegardée.",,Combinaison de toutes couleurs sauf bleu et marron
Basenji,République démocratique du Congo,"43 cm ( Mâle ), 40 cm ( Femelle )","12 kg ( Mâle ), 11,5 kg ( Femelle )","Fauve et blanc, noir et blanc, noir fauve et blanc. Le marquage bringé est accepté."
Basset artésien normand,France,30 à 36 cm .,17 à 22 kg .,Tricolore ou bicolore fauve et blanc.
Basset bleu de Gascogne,France,34 à 38 cm,,Mouchetée (noir et blanc) donnant un reflet bleu ardoise
Basset fauve de Bretagne,Bretagne,32 à 38 cm .,,Fauve unicolore.
basset hound,"Angleterre , Royaume-Uni France",33 à 38 cm .,,Toutes les couleurs du chien courant sont admises.
Chien de rouge de Bavière,Allemagne,"47 à 52 cm (M), 44 à 48 cm (F).",,Fauve unicolore dans toutes ses nuances.
beagle,Angleterre,33 à 40 cm,10 à 24kg,"Uni (blanc), bicolore (blanc et sable) ou tricolore (blanc, noir et marron)."
Colley barbu,,53 à 56 cm pour les mâles 51-53cm pour les femelles,27 à 32 kg,"Gris ardoise, fauve rougeâtre, noir, bleu, tous les tons de gris, marron et sable, avec ou sans marques blanches"
Beauceron,France,Femelle 61 à 68 et Male 65 à 70 cm,Non préciser dans le standard FCI ( fédération cynologique international),Noir et feu ou arlequin (bleu bigarré marqué de fauve)
Bedlington terrier,Royaume-Uni,41 cm au garrot,"10,2 à 12,4 kg","blanc, bleu, noir, marron ou sable, avec ou sans feu, le visage et les oreilles resten rarement claires avec les robes de couleurs foncées."
Griffon belge,,,,
Berger de Bergame,Italie,54 à 62,,"gris uniforme ou avec des taches noires, des nuances isabelle ou fauve claire sont admises ainsi que les robes entièrement noires si la couleur est opaque"
Berger blanc suisse,Suisse,55 à 61 cm pour une femelle 61 à 66 cm pour un mâle : taille moyenne,,Blanche
Berger picard,France,55 à 65 cm,,"gris, gris-noir, gris avec reflets noirs, gris-bleu, gris-roux, fauve clair ou foncé ou le mélange de ces teintes."
Berger des Pyrénées,France ( Pyrénées ),de 40 cm à 46 cm pour la femelle et 42 cm à 48 cm pour le mâle (+ ou - 2 cm),entre 8 et 15 kg (mâle comme femelle),"noir avec ou sans tache blanche, gris, fauve charbonné, fauve bringé ou arlequin (merle)"
Bouvier bernois,Suisse,Mâle : 64 à 70 cm Femelle : 58 à 66 cm,,"noire tricolore plastron blanc en forme de croix de Saint Georges liste blanche sur le front, sur le museau et entre les yeux bouts des pattes et bout de la queue blanche recherchés mais non obligatoires taches rousses au-dessus des yeux, sur les membres et les joues"
Bichon à poil frisé,Italie,30 cm maximum,"2,5 à 5 kg (indicatif)",Blanc pur
Bichon havanais,Cuba,"23 à 27cm, parfois de 21 à 29cm",,"Blanc, Fauve (de fauve clair à havane), noire. Avec éventuellement des taches"
Billy,France,"60 à 70 cm (M), 58 à 62 cm (F)",,"Uniformément blanche, blanc et café au lait, blanche avec des taches, orange clair ou citron."
Coonhound noir et beige,États-Unis,"63 à 68 cm (M), 58 à 63 cm (F)",,Noire et feu.
Bluetick coonhound,États-Unis,,,
Boerboel,Afrique du Sud,Mâle : 62 à 72 cm Femelle : 56 à 65 cm,,
Bichon bolonais,,25 à 30 cmm,,"pur, sans aucune tache ni aucune nuance de blanc"
Bolonka Franzuska,,,,
Russkaya tsvetnaya bolonka,Russia,Males,Males,"Black, Brown, Gray, Red, Wolf-Gray (Tsvetnaya/Zwetna) White (Franzuskaya)"
Border Collie,Angleterre Écosse,Mâle : 50-55 cm Femelle : 48-52 cm,17 à 30 kg,
Border Terrier,,30 à 40 cm. Il n'existe pas de taille dans le standard. Le garde fou du standard est de pouvoir cercler le chien derrière les épaules avec les 2 mains d'un homme. (+ le poids),,"Rouge, froment, grisonné et feu ou bleu et feu."
Chien courant de Bosnie à poil dur,Bosnie-Herzégovine,46 à 56 cm .,18 à 26 kg .,"Jaune froment, jaune-rouge, gris de terre ou noirâtre avec ou sans blanc, robe tricolore possible."
Terrier de Boston,États-Unis,"3 tailles: • moins de 15 livres anglaises (moins de 6,80 kg) • de 15 à moins de 20 livres anglaises (de 6,8 kg à moins de 9 kg) • de 20 à 25 livres anglaises (de 9 à 11,35 kg)",,"bringé de couleur ""phoque"" ou noir panaché de blanc"
Bouvier des Flandres,Belgique,59 à 68 cm,,"Noir, gris, gris foncé, fauve, bringé"
bouledogue français,France,environ 35cm,De 10 à 16 kg,"Fauve, unie ou légèrement bringée et parfois tachée de blanc , bleu"
Boykin Spaniel,,39–45 cm(M); 35-41 cm(F),,"brun-rouge, marron ou chocolat"
Braque italien,Italie,55 à 67 cm,27 à 42 kg,"Blanc, blanc avec marques marron à ambre, moucheté, truité ou rouanné."
chien noir et bronzé autrichien,Autriche,"50 à 56 cm (M), 48 à 54 cm (F).",,"Noir et feu, yeux quatreoeillé"
Braque d'Auvergne,France,"57 à 63 cm (M), 53 à 59 cm (F)",,Noire à panachure blanche d’extension variable (mouchetée ou grisonné).
Braque de l'Ariège,France,"60 à 67 cm (M), 56 à 65 cm (F)",,"Fauve orangé pâle ou marron, fortement panaché de blanc."
Braque du Bourbonnais,France,"51 à 57 cm (M), 48 à 55 cm (F)",,Blanche mouchetée de marron («lie de vin» ou «lilas passé») ou truitée de fauve («fleur de pêcher»).
"Braque français, type Pyrénées",France,"51 à 58 cm (M), 49 à 56 cm (F)",,"Marron, marron et blanche, mouchetée ou non, marron marquée de fauve."
Braque Saint-Germain,France,"56 à 62 cm (M), 54 à 59 cm (F).",,Blanc mat avec des taches orange (fauve).
Berger de Brie,France,56 à 68,,"3 couleurs uniformes : noir, fauve, gris (bleu)"
Briquet griffon vendéen,France,"50 à 55 cm (F), 48 à 53 cm",,"Blanc et noir, noir et feu, noir et sable, blanc et orange, tricolore, fauve charbonné, sable charbonné avec ou sans blanc."
Broholmer,Danemark,,,
Bulldog anglais,Royaume-Uni,,,"Robe unicolore ou « suie » (c’est-à-dire unicolore avec le masque ou le museau noir). Il n’y a que des couleurs uniformes (qui doivent être brillantes et pures), à savoir : rouge dans ses différents tons, fauve, fauve pâle, etc. bringé, blanc et robe panachée (combinaison de blanc avec l’une quelconque des couleurs précédentes). Les couleurs foie, noir, noir et feu sont absolument à écarter."
Bull Terrier,Angleterre,35 à 50 cm,22 à 42 kg,"bringée, fauve, blanche unie ou avec des taches marron ou noires"
bullmastiff,Royaume-Uni,M 64-69 cm / F 61-66 cm,M 52-61 kg / F 42-52 kg,"beige , sable , bringé"
Dogue de Majorque,"Majorque , Espagne",Mâles de 55 à 58 cm et Femelle de 52 à 55 cm,Mâles varie de 35 à 38 Kg et Femelles varie de 30 à 34 Kg,"Bringé fauve et noir couleurs recherchées dans cet ordre. Chez les bringés, on préfère les tons foncés; chez les fauves les nuances intenses. Les taches blanches sont admises aux pieds antérieurs, au poitrail et au museau jusqu’à un maximum de 30% de la surface du corps. Le masque noir est également admis."
Berger de Majorque,Espagne,66 à 73 cm pour les mâles et 62 à 68cm pour les femelles,environ 42 kg,"noir ou noir avec des taches blanc au poitrail, au cou et sur les pattes"
Cairn terrier,Écosse,26 à 31 cm,,"sable, roux, gris, bringé ou presque noir, souvent avec un masque noir"
Can de palleiro,"Galice , Espagne",60cm,40 kg,"cannelle, sable, marron, noir"
Chien de Canaan,Moyen-Orient,50 à 60 cm .,18 - 25 kg [ 1 ],"Sable à rouge-brun, blanc, noir ou panaché."
Esquimau canadien,Canada,"58 à 70 cm (M), 50 à 60 cm (F)","30 à 40 kg (M), 18 à 30 kg (F)","Blanc et rouge, dans toutes ses nuances, blanc et gris, blanc et noir."
chien de cour italien,Italie,"Mâles de 64 à 68 cm , femelles de 60 à 64 cm (avec une tolérance de 2 cm en plus ou en moins)","Mâles de 45 à 50 kg , femelles de 40 à 45 kg","noire, grise, fauve, bringée (claire, foncée, grise)"
Berger de Maremme et Abruzzes,Italie,60 à 73,,blanc uni
caniche,"France , Allemagne",,,Frisé : bouclé ou cordé
chien d'eau portugais,Portugal,"43 cm à 53 cm (F), 51 cm à 58 cm (M)",,
fila de São Miguel,Portugal,"50 à 60 cm (M), 48 à 58 cm (F).","25 à 35 kg (M), 20 à 30 kg (F).",Bringée.
Cão de gado transmontano,Portugal,Males,Males,"White with black, yellow, fawn or wolf grey markings most common"
berger de la Serra de Aires,Portugal,45 à 55 cm (mâle) 42 à 52 cm (femelle),19 à 29 kilos,"jaune, marron, gris, fauve et gris de loup (fauve charbonné), avec les variantes claire, moyenne et foncée et noire"
Caravan hound,Inde,M 68-72 cm & F 64-68 cm,kg,
Carolina Dog,Caroline du Sud,,de 17 à 27 kg,
Chien léopard catahoula,,,,
Catahoula Bulldog,United States,Males,40–95 lb (18–43 kg) [ 1 ],varied
Berger du Caucase,Géorgie,femelle : minimum 62cm au garrot [ 1 ] mâle : minimum 65cm au garrot [ 1 ],,"Diverses couleurs. Gris par zones avec des nuances variées, roux, couleur paille, blanc, brun rougeâtre, bringé, et également robe pie et parsemée de taches."
Cavalier King Charles Spaniel,Angleterre,25 à 35 cm pour le mâle et 25 à 33 pour la femelle,,"Noir et feu, Rubis, Blenheim et Tricolore."
Berger d'Asie Centrale,Turkménistan,Au minimum 70 cm (M) et 65 cm (F).,"Au minimum 77 kg (M), 62 kg (F).","Toutes couleurs acceptées sauf le bleu, le marron et le manteau noir sur robe fauve."
Barbu tchèque,République tchèque,"60 à 66 cm pour les mâles, 58 à 62 cm pour les femelles","28 à 34 kg pour les mâles, 22 à 28 kg pour les femelles","Rouan foncé, avec ou sans plaques brunes, brun tiquetées sur le poitrail et la partie inférieure des membres, brun sans aucune marque."
Bohemian Spotted Dog,Czech Republic,Males,,
Terrier Tchèque,Tchéquie,"29 cm au garrot pour les mâles, 27 pour les femelles.",,"Deux variétés de couleur : gris-bleu (à leur naissance, les chiots sont noirs) ; marron clair (à leur naissance les chiots sont marron foncé, chocolat). Dans les deux variétés de couleur des marques jaunes, grises ou blanches sont admises. Elles peuvent être localisées en tête (barbe, joues), au cou, à la poitrine, au ventre, aux membres et autour de l'anus. Il arrive parfois que l'extrémité‚ de la queue soit blanche et que le blanc forme un collier autour du cou. La couleur de fond doit cependant toujours prédominer."
Berger noir slovaque,,,,
Chien-loup tchécoslovaque,Tchécoslovaquie,60 à (pas de taille limite).,,
Chart polski,Pologne,"M 70-80 cm, F 68-75 cm",,Toutes les couleurs sont admises
Retriever de la baie de Chesapeake,États-Unis,"58 à 66 cm (M), 53 à 61 cm (F)","29,5 à 36,5 kg (M), 25 à 32 kg (F)",Marron dans toutes ses nuances.
chien de montagne des Pyrénées,"Pyrénées ( France , Espagne )","65 à 80 cm, grand chien",,"Blanche, ou blanche avec des taches grises, jaunes ou orange"
Berger belge Groenendael,Belgique,,,
Berger belge Laekenois,Belgique,"58 (f), 66 (m)","22-27 kg (f), 27-32 kg (m)",fauve
malinois,Belgique,,"De 20-25 kg (F), 25-30 kg (M)",fauve charbonné
Berger belge Tervueren,Belgique,,De 20 à 32 kg,"Couleur fauve, sable"
Chien de la Serra da Estrela,Portugal,"65 à 73 cm (M), 62 à 69 cm (F).","47 à 62 kg (M), 37 à 47 kg (F).","Unicolore jaune, fauve, gris, gris-loup, bringé . Masque noir sur la face."
chien de Castro Laboreiro,Portugal,"58 à 64 cm (M), 55 à 61 cm (F).","32 à 42 kg (M), 27 à 37 kg (F).",Bringée. Couleur spécifique « montagne » .
chien de Saint-Hubert,Belgique,"68 cm (M), 62 cm (F).","48 à 56 kg (M), 42 à 50 kg (F).","Noire et feu, foie et feu ou unicolore rouge."
Chien d'Artois,France,52 à 58 cm.,30 à 32 kg.,"Tricolore fauve foncé, blanc et noir, avec grandes taches."
chihuahua,Mexique,,,"toutes les couleurs sont admises, sauf le merle pour le LOF"
Chien chinois à crête,,Petit chien,,toutes couleurs.
Chinook,,,,
Berger de Bohême,République tchèque,49 à 55 cm,17 à 27 kg,noire et feu
Khortaï,Russie,"M 65 à 75 cm, F 61 à 71 cm",peut varier de 18 kg à 35 kg,
Chow-chow,Chine,"48-56 cm (M), 46-51 cm (F).",,"Noire, bleue, fauve, crème et blanc."
Chien de berger roumain des Carpathes,Roumanie,idéale : entre 65 et 73 cm pour les mâles et entre 59 et 67 cm pour les femelles.,,sable charbonnet (Louvet) nuancée
Berger roumain Bucovina,Roumanie [ 1 ],au minimum 70 cm (M) et 65 cm (F).,,"blanc et noir, blanc et gris, gris uni ou blanc uni."
Chien de berger roumain de Mioritza,Roumanie,Mâle : 70–75 cm Femelle : 65–70 cm,,
Cirneco de l'Etna,"Sicile , Italie","46 à 50 cm (M), 42 à 46 cm","12 à 14 kg , 10 à 12 kg",Fauve unicolore ou fauve avec blanc.
Clumber Spaniel,Royaume-Uni,entre 43 et 51 cm,environ 27 à 36 kg,bicolore: blanc à tache marron plus ou moins clair
Chien de berger Kangal,Turquie,74 à 81 cm tolérance + 2 cm (mâle) 71 à 79 cm tolérance + 2 cm (femelle),55 à 75 kg (mâle) 45 à 60 kg (femelle),Toutes les couleurs sont admises mais la couleur « boz » (du fauve au blanc en passant par le crème) est la plus répandue.
Cockapoo,,25 à 38 cm,,
Papillon,,28 cm.,,le blanc doit dominer ; une liste en tête est recommandée.
Coton de Tuléar,Madagascar,,,
Cretan Hound,Greece,Males,Males,"solid, particolour or tricolour"
Cursinu,Corse,"46 à 58 cm (M), 46 à 55 cm (F)",Pas de poids idéal spécifié dans le standard,La couleur est le plus souvent le fauve bringé ; toutes les nuances de fauve existent. Le fauve ou le sable charbonné et le noir marqué de fauve ou de sable sont également admis ainsi que la présence d'un masque. La panachure limitée est admise : les taches blanches se localisent au niveau du poitrail et des extrémités des membres.
Retriever à poil bouclé,Royaume-Uni,"67,5 cm (M), 62,5 cm (F).",,Noir ou foie.
teckel,Allemagne,Non déterminée par le standard,,"Noire et feu, chocolat et feu, arlequin (chocolat ou noir), bringé, rouge, sanglier,..."
Dalmatien,Croatie,55 à 60 cm,27 à 32 kg,Blanc avec taches noires ou marron
Dandie Dinmont Terrier,Écosse,"sans indication, entre 20 et 30 cm au garrot Poids de 10 à 13 kg On préfère les poids légers.",,poivre (nuances de gris) ou moutarde (nuances de fauve ou sable).
chien de ferme dano-suédois,Danemark et Suède,"34 à 37 cm (M), 32 à 35 cm (F).",,Robe à dominance blanche avec des taches de différentes couleurs. Mouchetures permises.
Decker Terrier,,,,
Deerhound,Écosse,"M au moins 76 cm, F 71 cm",,"Gris, bringé, fauve, de préférence unicolore. Petites taches blanches tolérées"
Brachet allemand,Allemagne,40 à 53 cm .,,Tricolore.
Boxer,Allemagne .,Mâle : 57 à 63 cm Femelle : 53 à 59 cm,Mâle : supérieur a 30 kg (pour une taille d'environ 60 cm au garrot) Femelle : superieur a 25 kg (pour une taille d'environ 56 cm au garrot),"Fauve, bringée ou blanc, marques blanches, masque noir"
Dogue allemand,Allemagne,"80 à 90 cm (M), 72 à 84 cm(F). (information venant du standard officiel FCI",Non précisé dans le standard officiel ( voir standard site fédération cynologique international),"arlequin (blanche tachetée de noir), fauve, noire, bleue (très foncée « acier »), bringée (marron plus ou moins clair rayé de marron plus foncé ou de noir)"
Chien d'arrêt allemand à poil long,Allemagne,"60 à 70 cm (M), 58 à 66 cm (F).",Environ 32 kg .,"Marron avec ou sans blanc, rouan foncé, rouan clair, truité."
Chien d'arrêt allemand à poil raide,Allemagne,"60 à 70 cm (M), 58 à 68 cm (F).",,"Marron avec ou sans tache blanche au poitrail, marron mélangé de blanc,avec ou sans plages marron, rouan clair, avec ou sans plages marron."
pinscher allemand,,45 à 50 cm.,,"noir et feu, roux, rouge cerf..."
spitz allemand,Allemagne,"La race existe en cinq tailles différentes, allant de 18 cm à 49 cm .",,"Différentes couleurs de robe existent selon les variétés (gris-loup, noir, marron, blanc, orange…)"
Spaniel allemand,,,,
Braque allemand,Allemagne,"62 à 66 cm (M), 53 à 58 cm (F)",,"Marron, rouanné marron, noir. Avec ou sans blanc dite truitée ."
berger allemand,Allemagne,60 à 65 cm (mâle) 55 à 60 cm (femelle) environ,30 à 40 kg (mâle) 22 à 32 kg (femelle) environ,Noire marquée de taches brunes ou jaunes jusqu'à gris clair. Noir et gris unicolore (charbonné) ou noire
Drahthaar,Allemagne,"61 à 68 cm (M), 57 à 64 cm (F).",,"Marron mélangé de blanc, avec ou sans plages de couleur, noir mélangé de blanc avec ou sans plages de couleur, marron avec ou sans taches blanches au poitrail, rouan clair."
Dogue du Tibet,Tibet,61-74cm (F) et 66-80cm (M),40-55 kg (F) et 55-75 kg (M),
Dobermann,Allemagne,"Mâle 68-72 cm, Femelle 63-68 cm.","Mâle 40-45 kg, Femelle 32-35 kg.","Noir, marron et feu, bleue ou Isabelle (gris)"
Dogue argentin,Argentine,hauteur au garrot : Mâles 60 à 68 cm Femelles 60 à 65 cm hauteur idéal : Males 64 à 65 cm Femelles : 62 à 64 cm (information standard officiel FCI),Mâles 40 à 45 kg) Femelles 40 à 43 kg (information standard officiel de la FCI),Blanche avec une tache foncée ou marron sur la tête n'excédent pas 10 % de la surface de la tête.
Dogue des Canaries,Espagne,"61 à 66 cm (M), 57 à 62 cm (F).","45 à 57 kg (M), 40 à 50 kg (F).","Bringée dans toutes ses nuances, noire ou fauve. Masque noir au visage."
Dogue de Bordeaux,France,62 à 68 cm pour un mâle 60 à 66 cm pour une femelle,entre 50 et 75 kg pour le mâle et entre 45 et 70 kg pour la femelle,"unie dans toute la gamme de fauve, de l'isabelle à l'acajou"
Chien de perdrix de Drente,Pays-Bas,"58 à 63 cm (M), 55 à 60 cm (F).",,"Noir, marron ou orange avec des marques blanches."
Drever,Suède,"32 à 38 cm (M), 30 à 36 cm (F).",,Bicolore et tricolore. Couleur foie interdite.
Dunker,Norvège,"50 à 55 cm (M), 47 à 53 cm (F).",,"Tricolore, peut-être merle ."
Estonian Hound,Estonia,Males,,"tricolor (white with black and red markings), bicolor (white and yellow or white and red)"
Elo,Německo Německo,Velký Elo 46-60 cm Malý Elo 35-45 cm,Velký Elo 22-35 kg Malý Elo 10-15 kg,"jakákoliv, optimálně holandský vzor"
Cocker spaniel anglais,Angleterre,38 à 41cm,14 à 16 kg,"Toutes Le standard français de la couleur de sa robe est le foie rouan, orange rouan et le bleu rouan."
English Coonhound,États-Unis,"Le mâle 63,5 cm et 61cm environ pour la femelle.",Le mâle 41 kg et 36 kg pour la femelle environ.,Très noir avec des marques feu.
Foxhound anglais,Royaume-Uni,58 à 64 cm .,,Toutes les couleurs de robe des chiens courants sont autorisées.
springer anglais,Angleterre,48-49 cm pour une femelle 50-51 cm pour un mâle,,"Foie et blanc, noir et blanc ou l'un de ces deux robes avec des marques feu."
Pointer anglais,Royaume-Uni,"63 à 69 cm (M), 61 66 cm (F).",,"Citron et blanc, orange et blanc, foie (marron) et blanc, noir et blanc. Les robes unicolores et tricolores sont les plus rares."
Setter anglais,Royaume-Uni,"65 à 68 cm (M), de 61 à 65 cm (F).",,"Noir et blanc, l'orange et blanc, citron et blanc, marron et blanc et tricolore."
Terrier d'agrément anglais noir et feu,Angleterre,25 à 30 cm .,"2,7 à 3,6 kg .",Noir et feu.
Bouvier de l'Entlebuch,Suisse,"mâle de 44 à 50 cm, femelle de 42 à 48 cm",,tricolore à fond noir et marques feu et blanc
Épagneul bleu de Picardie,France,entre 57 et 60 cm,,Tricolore: bleu (gris pour certains chiens) noir et blanc.
épagneul breton,France Bretagne,"46 à 49 cm (F), 48 à 51 cm (M).",,"Orange, noir et marron avec marques blanches."
épagneul français,France,"55 à 59 cm (F), 56 à 61 cm (M)",,Robe blanc et marron à panachure moyenne.
Épagneul picard,France Picardie Hauts-de-France,55 à 60 cm,environ 20 kg .,"Gris moucheté, avec plaques marron sur les diverses parties du corps. Le plus souvent marqué de feu."
Épagneul de Pont-Audemer,France,52 à 58 cm .,,Marron ou marron et gris chiné.
Épagneul de Saint-Usuge,France Bourgogne,41 à 49 cm (F) et 45 à 53 cm (M),,
Erdélyi kopó,Hongrie,55 à 65 cm .,Au minimum 27 kg .,"Noir et feu, marques blanches admises."
Eurasier,Allemagne,52 à 60 cm (M) 48 à 56 cm (F),,Toutes couleurs admises sauf le blanc
Fila Brasileiro,Brésil,de 65 à 75 cm (M) et de 62 à 75 cm (F),de 50 à 70 kg (M) et de 40 à 65 kg (F),
Flat-Coated Retriever,Royaume-Uni,"59 à 61,5 cm (M), 56,5 à 59 cm (F).","27 à 36 kg (M), 25 à 32 kg (F).","Noire ou foie, unicolore"
Fox-terrier,,,,
Lévrier Galgo,Espagne,"M 62-70 cm, F 60-68 cm","M 25-30 kg, F 20-25 kg","Crème, bringée, fauve, noire, blanche"
Chien d'arrêt danois ancestral,Danemark,"54 à 60 cm (M), 50 à 56 cm (F).","32 à 37 kg (M), 28 à 33 kg (F).",Blanc et marron.
Georgian Shepherd,Georgia,Males,Males,"any color, white"
Terrier irlandais Glen of Imaal,Irlande,"35,5 cm au maximum pour le mâle. La femelle est proportionnellement plus petite.",16 kg pour le mâle. La femelle est proportionnellement plus légère.,Bringé bleu ou froment.
Golden retriever,Royaume-Uni,"56 à 61 cm (M), 51 à 56 cm (F)",,"or, blanc crème, terre de sienne."
Chien courant polonais,Pologne,"55 à 59 cm (M), 50 à 55 cm (F).",,"Noir et feu, marron et feu ou fauve-rouge."
Setter Gordon,Royaume-Uni,"66 cm (M), 62 cm (F).","30,5 kg (M), 25,5 kg (F).",Noire et feu.
Gos d'Atura Català,Catalogne,,,Retombante
Gotland Hound,,,,
Grand anglo-français tricolore,France,"62 à 72 cm (M), 60 à 68 cm (F).",,Tricolore.
Grand anglo-français blanc et orange,France,60 à 70 cm .,,Blanc-citron ou blanc-orange.
Grand anglo-français blanc et noir,France,"65 à 72 cm (M), 62 à 68 cm (F).",,Blanc et noir.
Grand basset griffon vendéen,France,"40 à 44 cm (F), 39 à 43 cm",,"Noir et blanc, noir et feu, noir et sable, fauve et blanc, tricolore, fauve charbonné, sable charbonné et blanc, sable charbonné."
Grand griffon vendéen,France,"60 à 65 cm (F), 62 à 68 cm",,"Blanc et orange, blanc et noir, noir et feu, noir et sable, tricolore, fauve charbonné, sable charbonné avec ou sans blanc."
Grand Bleu de Gascogne,France,"65 à 72 cm (M), 62 à 68 cm (F).",,"Bleu fortement charbonné, avec du feu montant haut sur les membres"
Groenlandais,Groenland,"60 cm et plus (M), 55 cm et plus (M)",,"Toutes couleurs acceptées, sauf albinos"
Lévrier greyhound,Angleterre,"M 71-76 cm, F 68-71 cm",,"Noir, blanc, rouge, bleu, fauve, bringé"
Griffon Fauve de Bretagne,BRETAGNE Bretagne,48 à 56 cm .,,Fauve unicolore.
Griffon bleu de Gascogne,France,"50 à 57 cm (M), 48 à 55 cm (F).",,"Moucheté noir et blanc, avec grandes taches noires."
Korthals,France,"55 à 60 cm (M), 50 à 55 cm (F)",,"Gris acier avec des taches marron, marron rubican ou rouan. Blanc et marron, blanc et orange."
Griffon nivernais,France,"55 à 62 cm (M), 53 à 60 cm (F).",,Fauve charbonné dans toutes ses nuances.
Grand bouvier suisse,Suisse,Chien de grande taille.,,tricolore
Chien courant de Halden,Norvège,"52 à 60 cm (M), 50 à 58 cm (F).",,"Blanc marqué de noir, plages feu ombrées sur la tête, aux membres et parfois entre le blanc et le noir."
Hamiltonstövare,Suède,"53 à 61 cm (M), 49 à 57 cm (F).",,Tricolore.
Chien de rouge du Hanovre,Allemagne,"50 à 55 cm (M), 48 à 53 cm (F).",,rouge-cerf clair à foncé
Harrier,Royaume-Uni,48 à 55 cm .,,"Blanc et noir, blanc et orange, tricolore."
Chien courant grec,Grèce,"47 à 55 cm (M), 45 à 53 cm (F).",19 à 22 kg .,Noir et feu.
Hokkaïdo,Japon,"48,5 - 51,5 cm (M), 45,5 - 48,5 cm (F).","Environ 17 kg pour une femelle, 20 kg pour un mâle.","Rouge, sésame, noire et feu, bringé, noire ou blanche."
Berger hollandais,Pays-Bas,57 à 62 cm (mâle) 55 à 60 cm (femelle),28 kg environ(mâle) [ 1 ] 23 kg environ (femelle) [ 1 ],Bringé sur fond doré ou argenté
Smous des Pays-Bas,Pays-Bas,"37 à 42 cm (M), 35 à 40 cm (F).",9 à 10 kg .,Jaune unicolore dans toutes ses nuances.
Hovawart,Allemagne,mâles: 64-70 cm femelles: 58-65 cm,,"Noir et feu, noir, blond"
Berger croate,Croatie,40 à 50 cm.,,Noire
Berger de Russie méridionale,Ukraine,62 à 72,,"blanche, blanche et jaune, grisâtre ou blanche marquée de gris"
Huntaway,New Zealand,56–66 centimetres (22–26 in),25–40 kilograms (55–88 lb),"variable, commonly black and tan, tricolour"
Setter irlandais rouge et blanc,Irlande,"62 à 66 cm (M), 57 à 61 cm (F)",,Blanche et rouge.
Setter irlandais,Irlande,"58 à 67 cm (M), 55 à 62 cm (F).",,Uniformément châtaigne.
Terrier irlandais à poil doux,Irlande,"46 à 48 cm (M), femelle plus petite.","18 à 20,5 kg (M), femelle plus légère.",Froment.
Terrier irlandais,Irlande,Environ 45 cm,"12,25 kg chez le mâle, 11,4 kg chez la femelle","Robe unicolore, rouge, froment rouge ou rouge jaune."
Épagneul d'eau irlandais,Irlande,"53 à 59 cm pour les mâles, 51 à 56 cm pour les femelles",,Marron puce uniforme
Lévrier irlandais,Irlande,"Minimale : 81,5 à 94 cm au garrot pour les mâles, pour un poids de 55 à 85 kg : 71 à 81 cm au garrot pour les femelles, pour un poids de 50 à 70 kg. poil= rêche, dur et plutôt court. robe=Gris, bringé, rouge, noir, blanc ou daim.",,
berger islandais,Islande,"Taille idéale : 46 cm (M), 42 cm (F).",Entre 12/20 kg,"Fauve, marron, gris, noir. Avec blanc."
Chien courant d'Istrie à poil ras,Croatie,44 à 56 cm .,Environ 20 kg pour le mâle.,Blanc pur et orange ou entièrement blanche.
Jack Russell,Angleterre,25 à 30 cm,5 à 10 kg,"Majoritairement blanche, avec des marques marron ou noires"
Terrier de chasse allemand,Allemagne,33-40 cm,"M 9-10 kg, F 7,5-8,5 kg","noire, marron foncé ou mélangée gris-noir, avec des taches feu jaune-rouge très nettement délimitées au-dessus des yeux, au museau, à la poitrine et aux membres.Masque clair ou foncé admis à égalité; de petites taches blanches au poitrail et sur les doigts sont tolérées."
chien d'élan suédois,Suède,"Taille idéale : 61 cm (M), 56 cm (F)",,Gris clair et gris foncé.
Épagneul japonais,,30 cm,,noir et blanc ou roux et blanc
Kai,Japon,"53 cm (M), 48 cm (F)",,"Bringé noir, bringé rouge ou bringé"
Berger bulgare,Bulgarie,63 à 78cm,42 à 72 kg,"à pois, deux ou trois couleurs"
chien d'ours de Carélie,Finlande,"57 cm (M), 52 cm (F)","27 à 30 kg (M), 19 à 22 kg (F)",Noire avec ou sans marques blanches.
Karelo-Finnish Laika,Karelia region of Finland & Russia,38–50 cm (15–20 in),14–16 kg (31–35 lb),Thick double coat
Berger du Karst,Slovénie,54 à 63,,"Gris fer; vers le ventre et les pieds, gris clair couleur sable, avec une bringeure gris foncé sur la partie antérieure des membres. Masque foncé à la tête, entouré de poils gris-beige"
Terrier Kerry Blue,Irlande,"45,5 à 49,5 cm (M), 44,5 à 48 cm (F).",15 à 18 kg .,Bleue.
King Charles Spaniel,,25 à 30 cm,,"Noir et feu, rubis, blenheim et tricolore"
Kishu,Japon,"52 cm (M), 46 cm (F)",,"Blanc, rouge et sésame."
Komondor,Hongrie,minimum 70 cm pour les femelles et 80 cm pour les mâles,environ 60 kg et plus pour les femelles et 80 kg ou plus pour les mâles,blanche/ivoire
Kooikerhondje,Pays-Bas,35 à 45 cm au garrot,10 à 15 kg.,orange à rouge plus ou moins clair ou foncé
Jindo coréen,Corée du Sud,"50 à 55 cm (M), 45 à 50 cm (F)","18 à 23 kg (M), 15 à 19 kg (F)","Fauve rouge, blanche, noire, noir et feu, gris-loup ou bringée."
Kromfohrländer,,38 à 46 cm,,Blanche avec de grandes taches de nuance feu ou fauve
Kuvasz,,66-76 cm,37-62 kg,blanc pur ou ivoire
Kyi-Leo,,,,
Poodle crossbreed,,,,
labrador retriever,Canada Royaume-Uni,"54 à 56 cm (F), 56 à 57 cm (M)",30 à 35 kg,"Noire, chocolat (foie-chocolat) ou sable (du blanc crème au fox red) conformément au standard de race. Les couleurs silver, charcoal, champagne, yellow liver sont présentes mais non standard."
chien d'eau romagnol,Italie,"43 à 48 cm pour les mâles, 41 à 46 cm pour les femelles","15 à 18 kg pour les mâles, 13 à 16 kg pour les femelles","Unicolore : Blanc cassé, marron, rouan. Bicolore : blanc et orange, blanc et marron, rouan et marron"
Lakeland Terrier,Angleterre,"37 cm au garrot maximum. 7,7 kg pour les mâles, 6,8 kg pour les femelles.",,"Noir et feu, bleu et feu, rouge, froment, rouge grisonné, marron (foie), bleu ou noir. De petites touches de blanc aux pieds et au poitrail sont admises, mais non recherchées. L’acajou et le fauve soutenu ne sont pas des couleurs typiques."
Lancashire Heeler,,entre 25 et 30 cm,,noir et feu; marron foie et feu
Landseer,Royaume-Uni,"de 72 à 80 cm (M), de 67 à 72 cm (F)","70 kg (M), 50 kg (F)",
berger finnois de Laponie,Finlande,"Taille idéale : 51 cm (M), 46 cm (F).",,"Noir dans ses différentes nuances. La couleur est plus claire en tête, sur les parties inférieures du corps et aux membres. Les marques blanches sont admises au cou, au poitrail et aux pieds."
Leonberg,Allemagne,"75-80cm (M), 70-75 cm (F) [ 1 ]",,
Lhassa Apso,Tibet,23 à 27 cm,,"Toutes couleurs admises sauf le chocolat, il doit être bicolore ou unicolore"
Lucas Terrier,England,,,"Tan or combinations of tan, white, black, or badger"
Lundehund,Norvège,"30-36 cm pour la femelle, 33-38 cm pour le mâle","8 kg pour la femelle, 9 kg pour le mâle","Fauve, blanche, parsemée de poils noirs"
Lupo Italiano,Italy,Males,,
Lurcher,Royaume-Uni et Irlande,69-77 cm,27-32 kg,
Bichon maltais,Malte,20 à 25 cm,2 à 5 kg,Blanc
Lévrier hongrois,Hongrie,"M 65-70 cm, F 62-67 cm",,"Toutes couleurs admises, sauf bleu, bleu et blanc, brun, louvet, noir et feu; tricolore"
Braque hongrois à poil court,Hongrie,"58 à 64 cm (M), 54 à 60 cm (F)",,Froment-doré
Manchester Terrier,Angleterre,Idéale : 41 cm (M) et 38 cm (F).,,Noire et feu.
Maneto,Andalusia ( Spain ),30 - 35 cm,8.5 - 11.5 kg,cinnamon or bicolour (cinnamon and white)
Markiesje,Netherlands,,,
Mastiff,Royaume-Uni,mâle : de 70 à 82 cm femelle : de 66 à 80 cm poids mâle : de 70 à 110 kg femelle : de 60 à 90 kg,,"sable, abricot, bringé"
Mâtin des Pyrénées,Espagne et France ( Pyrénées ),environ 77 cm pour le mâle et 72 pour la femelle.,,
Mâtin espagnol,,,,
Lévrier Tazi,Kazakhstan,,,toute coloration
Miniature American Shepherd,United States,Males,,"Black, blue merle, red, red merle, with or without tan and/or white markings in specified areas"
Miniature Australian Shepherd,United States,Males,,"Black, blue merle, red, red merle, with or without tan and/or white markings in specified areas"
Bull Terrier miniature,,max 35cm,,"Bringé, rouge, tricolore ou blanc. Pour les chiens colorés, la couleur doit prédominer sur le blanc et pour les chiens blancs, les taches sont acceptées mais uniquement sur la tête."
Pinscher nain,Allemagne,,4 à 6 kg,Unicolore Rouge cerf / Rouge brun / Brun foncé / Bicolore noir et feu / Bleu / Lila
Miniature Shar Pei,China,44–51 cm (17–20 in),16–29 kg (35–64 lb),All solid colours except white
Moscow Watchdog,Soviet Union,Males,Males,"Red-piebald, spotted: white with red spots, red-black, black-red, sable"
Mudi,Hongrie,"42-45 cm (M), 38-42 cm (F).",,"majoritairement noir, bleu merle, cendré ou brun"
Mâtin napolitain,Italie Naples,65-75 cm (M) ; 60-68 cm. (F),,"Noire, grise, brune, bringée"
Terre-neuve,Canada,"68 à 71 cm (mâle), 66 à 69 cm (femelle)",,"noir, marron ou noir et blanc, gris, marron et blanc"
Spitz japonais,Japon,30–38 cm la femelle légèrement plus petite que le mâle,6 à 10 kg,Blanche
Spitz de Norrbotten,Suède,"Taille idéale : 45 cm (M), 42 cm (F)",9 à 10 kg,La couleur idéale est blanc tacheté de rouge-jaune.
Buhund norvégien,Norvège,"43 à 47 cm (M), 41 à 45 cm (F)","16 à 20 kg (M), 14 à 18 kg (F)","Noir ou froment, de préférence unie."
Chien d'élan norvégien gris,Norvège,"Taille idéale : 52 cm (M), 49 cm (F)",,Sable avec les extrémités charbonnées.
Norfolk Terrier,Royaume-Uni,25-26 cm au garrot maximum. 6 kg.,,"La robe se présente dans tous les tons de rouge, froment, noir et feu ou grisonné. Les marques ou plages blanches sont peu souhaitables mais admises."
Norwich Terrier,Grande-Bretagne,24 à 26 cm,"5 à 5,5 kg","Froment, rouge, noir et feu ou grisonné."
Retriever de la Nouvelle-Écosse,Canada,"48 à 51 cm (M), 45 à 48 cm (F)","22 à 25 kg (M), 19 à 22 kg (F)",Rouge à orange avec ou sans marques blanches
Brachet polonais,Pologne,"56 à 65 cm (M), 55 à 60 cm (F).","27 à 34 kg (M), 22 à 28 kg (F).",Noir et feu.
Olde English Bulldogge,United States,Males,Males,"Brindle, of red, fawn, or black; either solid or pied: white, fawn, red, black."
Bobtail,Angleterre,"61 cm (M), 56 cm (F).",30 à 42 kg.,"gris, grisonné ou bleu, noir. Tête, cou, membres antérieurs et dessous du ventre blancs"
Pinscher autrichien,Autriche,35 à 50 cm,Poids approximatif : entre 9 et 15 kg.,"couleur jaune, fauve, brun-jaune, roux, noir et brun, (avec museau, collier, gorge, poitrail, front et pattes blanches)."
Chien à loutre,"Angleterre , Royaume-Uni",F 61 cm / M 69 cm,,Toutes les couleurs des chiens courants sont autorisées.
Parson Russell terrier,Angleterre,"36 cm pour les mâles, 33 cm pour les femelles, avec une marge de tolérance de + ou - 2 cm pour les 2 sexes.",,"Entièrement blanc ou blanc avec marques fauve, citron ou noir."
Perro de pastor garafiano,Spain,Males,Males,
Patterdale Terrier,England,,,
Petit lévrier italien,Italie,M et F: 32-38 cm,,"Unicolore noir, gris, gris ardoise, jaune, sable clair. Blanc toléré au poitrail et aux pieds"
Pékinois,Chine,45 cm au maximum,,Toutes admises.
Chien d'eau espagnol,Espagne,"44 à 50 cm pour les mâles, 40 à 46 cm pour les femelles.","20 à 24 kg pour les mâles, 16 à 20 kg pour les femelles","Blanc, noir, marron, blanc et noir, blanc et marron"
Cimarrón Uruguayo,Uruguay,"58 à 61 cm (M), 55 à 58 cm (F).","40 à 47 kg (M), 35 à 42 kg (F).",Bringée ou fauve avec ou sans masque noir et panachures blanches.
Berger basque,Pays basque,46 à 61 cm,21 à 38 kg,"Fauve,feu"
chien nu du Pérou,Pérou,"Petit, Moyen, Grand",Variable selon la taille du chien concerné,"Pour les nus Noir, bronze, cuivre, gris... les chiens totalement blancs (albinos sont interdits) les chiens orchidées doivent avoir moins de 20% de taches sur leur corps. Pour les variétés à fourrures toutes les couleurs sont acceptées sauf merle."
Petit basset griffon Vendéen,France,34 à 38 cm .,,"Blanc et noir, noir et feu, noir et sable, blanc et orange, tricolore, fauve charbonné, sable charbonné avec ou sans blanc."
Petit bleu de Gascogne,France,"52 à 58 cm (M), 50 à 56 cm (F).",,Entièrement mouchetée noir et blanc avec des taches noires plus ou moins étendues.
Petit chien lion,Europe .,26 à 32 cm .,environ 6 kg .,Toutes les couleurs acceptées.
Chien du Pharaon,Malte,"56 à 63,5 cm (M), 53 à 61 cm (F)",,"Rouge brun à rouge brun foncé, marqué de blanc"
Plott Hound,United States,,,
Plummer Terrier,United Kingdom,,,
Andalusian Hound,"Andalusia , Spain",Males,Small: 5–11 kg (11–24 lb) Medium: 10–22 kg (22–49 lb) Large: 21–33 kg (46–73 lb),
Podenco canario,Espagne,"55 à 64 cm (M), 53 à 60 cm (F)",,"Rouge, blanc et orange"
Podenco d'Ibiza,Espagne,"66 à 72 cm (M), 60 à 67 cm (F)","En moyenne 22 kg (M), 19 kg (F)","Blanc et rouge, blanc et feu, blanc pur et rouge sans tache."
chien de garenne portugais,Portugal,"Grand : 55 à 70 cm , Moyen : 40 à 55 cm , Petit : 20 à 30 cm","Grand : 20 à 30 kg , Moyen : 16 à 20 kg , Petit : 4 à 6 kg","Jaune, fauve avec ou sans blanc."
Poitevin,France,"62 à 72 cm (M), 60 à 70 cm (F).",30 kg en moyenne.,Tricolore.
Berger polonais de plaine,Pologne,entre 41 et 51 cm,entre 16 et 18 kg,"noir, noir et blanc, crème, rouan, doré"
Berger des Tatras,Pologne,65-70 cm (mâle) 60-65 cm (femelle),57-62 kg (mâle) 47-52 kg (femelle),blanc uniforme
Porcelaine,Franche-Comté,"55 à 58 cm (M), 53 à 56 cm (F).",,Blanche avec des taches orange. Oreilles mouchetées d'orange.
chien d'arrêt portugais,Portugal,"52 à 60 cm (M), 48 à 56 cm (F).","24 à 31 kg (M), 20 à 26 kg (F).","Jaune et marron, unicolore ou marqué de blanc."
Ratier de Prague,Tchéquie,20 – 23 cm (tolérance+/- 1cm),"idéal 2,6 kg","Noir et feu, marron et feu et les autres variantes: délavés jusqu´au jaune citronné (récessive), y compris le „merle“ variantes, ou rouge."
Pudelpointer,Allemagne,"60 à 68 cm (M), 55 à 63 cm (F)",,"Unicolore marron, feuille-morte et noir. Marques blanches acceptées."
carlin,Chine,30-40 cm,"10 à 15,5 kg",Sable ou noire ou abricot (marron très foncé). Les robes argent et blanches sont d'usage courant aux États-Unis car elles y sont reconnues mais ce n'est pas le cas en France.
Puli,Hongrie,,,
Pulin,,,,
Pumi,Hongrie,41-47 cm (M) idéal 43-45 cm ; 38-44 cm (F) idéal 40-42 cm,,"gris, noir, fauve (fako), blanc"
Lévrier Rampur,Inde,M 60-75 cm & F 55-60 cm,27-30 kg,
Rat Terrier,,10–18 inches (25–46 cm),10–25 pounds (4.5–11.3 kg),"Black, tan, chocolate, blue, grey Isabella (pearl), lemon and apricot. May be tri-color or bi-color, with at least one color being white"
rafeiro de l'Alentejo,Portugal,"66 à 74 cm (M), 64 à 70 cm (F).","45 à 60 kg (M), 35 à 50 kg (F).","Jaune, fauve, gris-loup, noir, toujours avec marques blanches. Peut être bringée ."
Rajapalayam,India,Males,Males,Milky White only
Ratonero Bodeguero Andaluz,Spain,Males,Males,white with black and tan markings
Mallorcan ratter,Spain,Males,Males,"black-and-tan, brown-and-tan, sometimes white patches or tri-colour"
Redbone,États-Unis,,,
Chien de Rhodésie à crête dorsale,Afrique du Sud,"63 à 69 cm (M), 61 à 66 cm (F)","environ 36,5 kg (M), 32 kg (F)",Fauve unicolore.
Rottweiler,Allemagne,55 à 65 cm (au garrot),,noir et feu
Colley,Écosse ( Royaume-Uni ),Mâles : 56 cm à 61 cm au garrot. Femelles : 51 cm à 56 cm au garrot.,20 à 32 kg (non indiqué dans le standard).,"zibeline et blanc, tricolore, bleu merle"
épagneul russe,,entre 38 et 43 cm,environ 13 à 18 kg,"pie: noir, brun"
Laïka russo-européen,Russie,"52 à 58 cm (M), 50 à 56 cm (F)",,"Noir et blanc, noir unicolore, blanc unicolore."
petit chien russe,,20 à 28 cm; entre 1 et 3 kg.,,"Couleurs soutenues: rouge, ou feu avec noir, marron, ou bleu. Quasiment toutes les robes sont permises, à part les tachetées."
Chien-loup de Saarloos,Pays-Bas,"70cm (f), 75cm (m)",,"sable charbonné (dit gris loup) , brun de forêt (roux), blanc (très rare)"
Samoyède,Russie,"57 cm ± 3 cm (M), 53 cm ± 3 cm (F) C’est un chien de taille moyenne",Femelle : de 16 à 20 kg Mâle : de 20 à 30 kg,"Blanc pur, crème et biscuit."
Lévrier persan,Moyen-Orient,"Moyenne entre 58 et 71 cm, femelles plus petites",,"Toutes couleurs admises, bringé indésirable"
chien de berger yougoslave de Charplanina,Macédoine du Nord et Serbie,En moyenne 62 cm (M) et 58 cm (F).,"37 à 47 kg (M), 32 à 42 kg (F).",Toutes couleurs sans blanc acceptées.
Schapendoes néerlandais,Pays-Bas,"45 (f), 50 (m)",15 kg,"sable, grise, bleue ou noir"
Schillerstövare,Suède,"53 à 61 cm (M), 49 à 57 cm (F).",,Noir et feu.
Schipperke,Belgique,,,Noire
Sealyham Terrier,Pays de Galles,Inférieure à 31 cm,"9 kg chez le mâle, 8,2 kg chez la femelle","De couleur uniformément blanche ou avec des marques citron, marron, bleues ou blaireau sur la tête et les oreilles."
Shetland,Écosse,Mâles : taille idéale : 37 cm au garrot (tolérance de + ou - 2.5 cm). Femelles : taille idéale : 35.5 cm au garrot(même tolérance de + ou - 2.5 cm),9 à 12 kg. sauf surpoids (13 kg pour les plus grands) environ.,"fauve, Bicolore (noir et blanc, bleu bicolore, ou noir et feu), Tricolore, Bleu merle."
terrier écossais,Écosse,25 à 28 cm au garrot.,,"Noir, bringé ou froment (sable)."
Schnauzer,,,,
Segugio italiano,Italie,"52 à 58 cm (M), 48 à 56 cm (F).",20 à 30 kg .,"Fauve unicolore ou fauve marqué de blanc, noir et feu, tricolore."
Segugio Maremmano,Italy,Males,Males,"fawn, from pale to dark tan black and tan brindle [ 1 ]"
Shar Pei,Chine,44 à 51 cm,20 à 25 kg,"Couleur uni (toutes sauf blanc), possibilité d’hétérogénéité de la teinte"
Shiba Inu,Japon,35-43 cm (mâle) // 33-41 cm (femelle).,,"Rouge/ Sésame (sésame, sésame noire, sésame rouge)/ Noire et feu / crème"
Shih-poo,,,,
Shih Tzu,Tibet,inférieure à 27 cm.,"4,2 à 8 kg",toutes couleurs sont acceptées .
Shikoku,Japon,"52 cm (M), 49 cm (F)",,"sésame (Sésame, sésame rouge ou sésame noir), rouge ou noir et feu."
Shiloh Shepherd Dog,États-Unis,70 cm,,
Husky sibérien,Russie,"mâles de 53,5 à 60 cm femelles de 50,5 à 56 cm","mâles de 20,5 à 28 kg femelles de 15,5 à 23 kg","Toutes les couleurs sont admises, du noir au blanc pur en passant par le cuivre ou le chocolat, le gris ou le sable [ 1 ] . On rencontre communément diverses marques sur la tête, comprenant de nombreux motifs typiques à la race."
Lévrier de soie,États-Unis,47 à 60 cm,,Toutes couleurs
Skye terrier,Écosse,"25 - 26 cm de haut 103 cm de long Femelle légèrement plus petite avec les mêmes proportions. Poids : 11,5 kg, 10 % de moins pour les femelles",,"fauve, gris clair ou foncé (y compris argent ou bringé), crème, noir. Les oreilles sont obligatoirement noires."
Slovensky kopov,Slovaquie,"45 à 50 cm (M), 40 à 45 cm (F).",17 à 22 kg .,Noir et feu.
Braque slovaque à poil dur,Slovaquie,"62 à 68 cm (M), 57 à 64 cm (F).",,"Gris dans toutes ses nuances, avec ou sans marques blanches, gris avec des taches plus ou moins grandes, éventuellement moucheté."
Tchouvatch slovaque,Slovaquie,"62 à 70 cm (M), 59 à 65 cm (F)",,Blanche.
Spinone italiano,Italie,"60 à 70 cm (M), 58 à 65 cm (F)","34 à 39 kg (M), 30 à 32 kg (F)","Blanc pur, blanc avec des taches orange, blanc truité orange, blanc avec des taches marron, rouan et rouan-marron"
lévrier arabe,"Afrique du Nord [ 1 ] , [ 2 ] , [ 3 ] , [ 4 ] , [ 5 ] , [ 6 ] , [ 7 ] , [ 8 ] , [ 9 ]","M 66-72 cm, F 61-68 cm",,"Sable clair à roux, manteau noir, rayures noires, masque noir"
Chien courant du Småland,Suède,"46 à 54 cm (M), 42 à 52 cm (F).",,Noir et feu.
Colley à poil court,Écosse,Mâles : 56cm à 61 cm au garrot. Femelles : 51 cm à 56 cm au garrot.,,"zibeline et blanc, tricolore ou bleu merle."
Chien courant serbe,Serbie,"46 à 56 cm (M), 44 à 54 cm (F).",,Roux et noir.
Chien courant tricolore serbe,Serbie,"45 à 55 cm (M), 44 à 54 cm (F).",,Tricolore.
Chien d'arrêt frison,Pays-Bas,"Taille idéale : 53 cm (M), 50 cm (F).",,"Noir, marron ou orange avec des marques blanches."
Staffordshire Bull Terrier,Royaume-Uni,"35,5 à 40,5 cm, chien de taille moyenne","12,7 à 17 kg (mâles), 11 à 15,4 kg (femelles)","Rouge, fauve, blanc, bleu ou noir (pour tous panaché, ou non, de blanc), bringé"
saint-bernard,Suisse France,70 à 90 cm pour le mâle - 65 à 80 cm pour la femelle,51 kg à 100 kg,Blanc et fauve avec un masque foncé
Brachet de Styrie à poil dur,Autriche,"47 à 53 cm (M), 45 à 51 cm (F).",,Rouge ou jaune-pâle
chien courant finlandais,Finlande,"55 à 61 cm (M), 52 à 58 cm (F)",,Tricolore.
chien finnois de Laponie,Finlande,"Taille idéale : 49 cm (M), 44 cm (F).",,Toutes les couleurs sont admises.
Spitz finlandais,Finlande,"47 cm ± 3 cm (M), 42 cm ± 3 cm (F)","12 à 13 kg (M), 7 à 10 kg (F)",Rouge-brun ou d'un brun doré. Une rayure blanche sur le poitrail et de petites marques blanches sur les pieds sont admises.
Sussex Spaniel,Angleterre,38 à 41 cm,Environ 23 kg .,Unicolore foie.
Lapphund suédois,Suède,"Taille idéale : 48 cm (M), 43 cm (F).",,Noir unicolore ou bicolore.
Petit chien courant suisse,Suisse,"35 à 43 cm (M), 33 à 40 cm (F).",,Dépend des variétés.
Chien courant suisse,Suisse,"49 à 59 cm (M), 47 à 57 cm (F).",,Dépend des variétés.
Lévrier Taïgan,Kirghizistan,65-70 cm,,
Chien de Taïwan,Taïwan,"48 à 50 cm (M), 39 à 43 cm (F)","15 à 20 kg (M), 10 à 18 kg (F)","Noir, bringé, fauve unicolore ou avec panachures blanches, blanc."
Tamaskan,Finlande Angleterre,"63,6 à 84 cm (M), 61 à 71 cm (F)","32 à 50 kg (M), 25 à 41 kg (F)",Wolf grey - Red grey - Black Gray agouti patterns
Terrier noir de Russie,Russie,,,noire
Terrier brésilien,Brésil,"35 à 40 cm (M), 33 à 38 cm (F).",Au maximum 10 kg .,"Blanche marquée de noir, marron ou bleu, avec des marques feu."
Tesem,,,,
épagneul tibétain,,,,
Tornjak,Bosnie-Herzégovine et Croatie,"65 à 70 cm (M), 60 à 65 cm (F).",,Blanche tachée de couleur.
Tosa Inu,Japon,,,
Toy Manchester Terrier,United States,,,
Treeing Walker Coonhound,United States,Males,Males,"Tricolor, bicolor"
Chien thaïlandais à crête dorsale,Thaïlande,"56 à 61 cm (M), 51 à 56 cm (F)",,"Rouge, noir, bleu et fauve très clair (isabelle)"
Terrier tibétain,Tibet,35 cm à 40 cm,,"Unicolore, bicolore ou parti colore : de toutes les couleurs sauf chocolat."
Brachet tyrolien,Autriche,"44 à 50 cm (M), 42 à 48 cm",,Fauve ou noire et feu.
Vallhund suédois,Suède,"Taille idéale : 33 cm (M), 31 cm .",,"Gris, brun grisâtre, jaune grisâtre, jaune-rougeâtre ou brun-rougeâtre."
Volpino Italiano,Italie,"27 à 30 cm (M), de 25 à 28 cm (F)",,"Blanc, rouge ou champagne. Robe unicolore uniquement."
Laïka de Sibérie orientale,Russie,"55 à 63 cm (M), 53 à 61 cm (F)",,"Noir et feu, noir, noir et blanc, blanc et pie."
Waeller,,,,
Braque de Weimar,Allemagne,"Taille idéale : 62 à 67 cm (M), 59 à 63 cm (F)","32 à 42 kg (M), 27 à 37 kg (F)","Gris argenté, gris brunâtre, gris souris"
Welsh Corgi Cardigan,Pays de Galles,30 cm,14 - 17 kg,"Toute couleur, avec ou sans panachure blanche mais le blanc ne doit pas dominer."
Welsh Corgi Pembroke,Pays de Galles,25 à 30 cm,,"Couleurs uniformes : rouge, fauve charbonné, fauve, noir et feu, avec ou sans panachures blanches aux membres, au poitrail et au cou. On admet un peu de blanc sur la tête et sur le chanfrein."
Welsh Springer Spaniel,Pays de Galles,"Environ 48 cm pour les mâles, 46 cm pour les femelles.",,Rouge vif et blanc
Welsh terrier,Pays de Galles,39,,noir et feu
West Highland white terrier,Écosse,25 à 40cm environ,5 à 8 kg,Uniquement blanche
Westfal Terrier,,,,
Basset de Westphalie,Allemagne,30 à 38 cm .,,Tricolore.
Wetterhoun,Pays-Bas,"59 cm pour les mâles, 55 cm pour les femelles. Taille idéale",,"Unicolore noir ou marron, bicolore blanc et noir ou blanc et marron."
Lévrier whippet,Angleterre,"M 47-51 cm, F 44-47 cm",,Toutes couleurs
White English Bulldog,,,,
chien nu mexicain,Mexique,"46-62 cm (standard), 36-45 cm(intermédiaire), 25-35 cm (miniature)",,Habituellement uniforme foncé
Laika de Iakoutie,"République de Sakha , Russie",,,
Yorkshire,Angleterre,25 à 50 cm,"jusqu’à 3,2 kilos","Poil : sur le corps, le poil est de longueur modérée, parfaitement droit (et non ondulé), luisant, de texture fine et soyeuse et non laineux ; la longueur du poil ne doit jamais entraver le mouvement. La garniture en tête est longue, d’un fauve doré intense, de couleur plus soutenue sur les côtés de la tête, à la base des oreilles et sur le museau où le poil doit être très long. La couleur fauve de la tête ne doit pas s’étendre jusqu’au cou. Absolument aucun poil sombre ou charbonné ne doit se mêler au poil fauve. Couleur : bleu acier foncé (et non bleu argenté), s’étendant de l’occiput à la naissance de la queue, jamais mêlé de poils fauves, bronze ou foncés. Sur le poitrail le poil est d’un fauve intense et brillant.Tous les poils fauves sont plus foncés à la racine qu’au milieu et ils deviennent encore plus clairs à l’extrémité."
Laïka de Sibérie occidentale,Russie,"55 à 62 cm (M), 51 à 58 cm (F)",,"Gris avec nuances marron rougeâtre, rouge avec nuances marron-rougeâtre, gris, rouge, fauve, blanc pur. Avec ou sans tache blanche."
Zerdava,"Turkey, Georgia",,Males,"Solid liver, liver and white, liver roan"
